<?xml version="1.0" encoding="UTF-8"?>
<con:soapui-project activeEnvironment="Default" name="Facebook" resourceRoot="" soapui-version="5.4.0-EB" id="dc1c5856-1559-4687-b4bb-4e16b0e10877" abortOnError="false" runType="SEQUENTIAL" xmlns:con="http://eviware.com/soapui/config"><con:settings/><con:interface xsi:type="con:RestService" wadlVersion="http://wadl.dev.java.net/2009/02" name="Graph API" type="rest" basePath="" id="6d956c13-0807-45ff-8992-95f78a35366f" xmlns:xsi="http://www.w3.org/2001/XMLSchema-instance"><con:settings/><con:definitionCache type="TEXT" rootPart=""/><con:endpoints><con:endpoint>https://graph.facebook.com</con:endpoint></con:endpoints><con:resource name="user" path="/{user}" id="548d96fe-1f9f-46e9-88ab-7235f8922028"><con:settings/><con:parameters><con:parameter><con:name>user</con:name><con:value>${#Project#facebook_user}</con:value><con:style>TEMPLATE</con:style><con:type xmlns:xs="http://www.w3.org/2001/XMLSchema">xs:string</con:type><con:default>${#Project#facebook_user}</con:default><con:path xsi:nil="true"/><con:description xsi:nil="true"/></con:parameter></con:parameters><con:resource name="picture" path="/picture" id="168edf09-da1a-474c-969f-285478326384"><con:settings/><con:parameters/><con:method name="Method 1" method="GET" id="9d95bea1-9fe8-4742-8eee-5462a66d8e04"><con:settings/><con:parameters/><con:representation type="FAULT"><con:mediaType>text/javascript; charset=UTF-8</con:mediaType><con:status>400</con:status><con:params/></con:representation><con:request name="Request 1" mediaType="application/xml" id="a17ae127-4052-4806-b640-bcdf55db945d"><con:settings><con:setting id="com.eviware.soapui.impl.wsdl.WsdlRequest@request-headers">&lt;xml-fragment/></con:setting></con:settings><con:endpoint>https://graph.facebook.com</con:endpoint><con:request/><con:originalUri>https://graph.facebook.com//picture</con:originalUri><con:credentials><con:selectedAuthProfile>Basic</con:selectedAuthProfile><con:addedBasicAuthenticationTypes>Basic</con:addedBasicAuthenticationTypes><con:authType>Global HTTP Settings</con:authType></con:credentials><con:jmsConfig JMSDeliveryMode="PERSISTENT"/><con:jmsPropertyConfig/><con:parameters/></con:request></con:method></con:resource><con:resource name="feed" path="feed" id="2fa88d7e-c6f9-40d3-91c6-f1dd0855d91e"><con:settings/><con:parameters><con:parameter><con:name>access_token</con:name><con:value/><con:style>QUERY</con:style><con:type xmlns:xs="http://www.w3.org/2001/XMLSchema">xs:string</con:type><con:default/><con:path xsi:nil="true"/><con:description xsi:nil="true"/></con:parameter></con:parameters><con:method name="Method 1" method="GET" id="0543b36b-9df0-4e5e-ad51-690c8f2ffc7e"><con:settings/><con:parameters/><con:representation type="FAULT"><con:mediaType>text/javascript; charset=UTF-8</con:mediaType><con:status>400</con:status><con:params/><con:element xmlns:feed="https://graph.facebook.com/olensmar/feed">feed:Fault</con:element></con:representation><con:representation type="RESPONSE"><con:mediaType>text/javascript; charset=UTF-8</con:mediaType><con:status>200</con:status><con:params/><con:element xmlns:feed="https://graph.facebook.com/olensmar/feed">feed:Response</con:element></con:representation><con:request name="Request 1" mediaType="application/xml" id="3201c18f-8144-49aa-a316-409c16de770d"><con:settings><con:setting id="com.eviware.soapui.impl.wsdl.WsdlRequest@request-headers">&lt;xml-fragment/></con:setting></con:settings><con:endpoint>https://graph.facebook.com</con:endpoint><con:request/><con:originalUri>https://graph.facebook.com//feed</con:originalUri><con:credentials><con:selectedAuthProfile>Basic</con:selectedAuthProfile><con:addedBasicAuthenticationTypes>Basic</con:addedBasicAuthenticationTypes><con:authType>Global HTTP Settings</con:authType></con:credentials><con:jmsConfig JMSDeliveryMode="PERSISTENT"/><con:jmsPropertyConfig/><con:parameters><entry key="access_token" value="${#Project#facebook_access_token}" xmlns="http://eviware.com/soapui/config"/></con:parameters></con:request></con:method></con:resource><con:method name="Method 1" method="GET" id="97188ba7-0cba-4188-98bf-c42a38afe835"><con:settings/><con:parameters/><con:representation type="RESPONSE"><con:mediaType>text/javascript; charset=UTF-8</con:mediaType><con:status>200</con:status><con:params/></con:representation><con:representation type="FAULT"><con:mediaType>text/javascript; charset=UTF-8</con:mediaType><con:status>400</con:status><con:params/></con:representation><con:request name="Request 1" mediaType="application/xml" id="92cd82f2-44eb-4254-8080-5cf54cbcbc47"><con:settings><con:setting id="com.eviware.soapui.impl.wsdl.WsdlRequest@request-headers">&lt;xml-fragment/></con:setting></con:settings><con:endpoint>https://graph.facebook.com</con:endpoint><con:request/><con:credentials><con:authType>Global HTTP Settings</con:authType></con:credentials><con:jmsConfig JMSDeliveryMode="PERSISTENT"/><con:jmsPropertyConfig/><con:parameters/></con:request></con:method></con:resource><con:resource name="group" path="/{group}" id="0da9d31a-44e3-4774-a6c2-5110f1e0ffdd"><con:settings/><con:parameters><con:parameter><con:name>group</con:name><con:value>smartbear</con:value><con:style>TEMPLATE</con:style><con:type xmlns:xs="http://www.w3.org/2001/XMLSchema">xs:string</con:type><con:default>smartbear</con:default><con:path xsi:nil="true"/><con:description xsi:nil="true"/></con:parameter></con:parameters><con:resource name="picture" path="/picture" id="633931c9-e9be-4a37-8faa-7cf2c9fdda6c"><con:settings/><con:parameters/><con:method name="Method 1" method="GET" id="2802f1c8-f90c-41e2-a82d-91473128278d"><con:settings/><con:parameters/><con:representation type="RESPONSE"><con:mediaType>image/jpeg</con:mediaType><con:status>200</con:status><con:params/><con:element>data</con:element></con:representation><con:request name="Request 1" mediaType="application/xml" id="1901231c-d44b-4c28-a66e-cc9443a2337f"><con:settings><con:setting id="com.eviware.soapui.impl.wsdl.WsdlRequest@request-headers">&lt;xml-fragment/></con:setting></con:settings><con:endpoint>https://graph.facebook.com</con:endpoint><con:request/><con:credentials><con:authType>Global HTTP Settings</con:authType></con:credentials><con:jmsConfig JMSDeliveryMode="PERSISTENT"/><con:jmsPropertyConfig/><con:parameters/></con:request></con:method></con:resource><con:method name="Method 1" method="GET" id="1a46da1a-0e67-4c1d-99f4-d4690b59ad7a"><con:settings/><con:parameters/><con:representation type="RESPONSE"><con:mediaType>text/javascript; charset=UTF-8</con:mediaType><con:status>200</con:status><con:params/></con:representation><con:request name="Request 1" mediaType="application/xml" id="901a7e9e-3802-43f1-9099-87616eded5c7"><con:settings><con:setting id="com.eviware.soapui.impl.wsdl.WsdlRequest@request-headers">&lt;xml-fragment/></con:setting></con:settings><con:endpoint>https://graph.facebook.com</con:endpoint><con:request/><con:credentials><con:authType>Global HTTP Settings</con:authType></con:credentials><con:jmsConfig JMSDeliveryMode="PERSISTENT"/><con:jmsPropertyConfig/><con:parameters/></con:request></con:method></con:resource><con:resource name="me" path="/me" id="9fdd1b32-e979-46f4-9c8c-4829946ee2bf"><con:settings/><con:parameters><con:parameter><con:name>access_token</con:name><con:value/><con:style>QUERY</con:style><con:default/></con:parameter></con:parameters><con:method name="Method 1" method="GET" id="fcfa788e-bc61-4098-8c7d-2be96f5b4b6d"><con:settings/><con:parameters/><con:representation type="FAULT"><con:mediaType>text/javascript; charset=UTF-8</con:mediaType><con:status>400</con:status><con:params/><con:element xmlns:me="https://graph.facebook.com/me">me:Fault</con:element></con:representation><con:representation type="RESPONSE"><con:mediaType>text/javascript; charset=UTF-8</con:mediaType><con:status>200</con:status><con:params/><con:element xmlns:me="https://graph.facebook.com/me">me:Response</con:element></con:representation><con:request name="Request 1" mediaType="application/xml" id="0a42cf45-c6f8-4dbd-9136-3f4876af1990"><con:settings><con:setting id="com.eviware.soapui.impl.wsdl.WsdlRequest@request-headers">&lt;xml-fragment/></con:setting></con:settings><con:endpoint>https://graph.facebook.com</con:endpoint><con:request/><con:credentials><con:authType>Global HTTP Settings</con:authType></con:credentials><con:jmsConfig JMSDeliveryMode="PERSISTENT"/><con:jmsPropertyConfig/><con:parameters><entry key="access_token" value="${#Project#facebook_access_token}" xmlns="http://eviware.com/soapui/config"/></con:parameters></con:request></con:method></con:resource></con:interface><con:testSuite name="TestSuite 1" id="fc37a184-6ef6-4652-b3ba-fc3eff7ba8c5"><con:settings/><con:runType>SEQUENTIAL</con:runType><con:testCase failOnError="true" failTestCaseOnErrors="true" keepSession="false" maxResults="0" name="TestCase 1" searchProperties="true" id="62897481-5aff-4dc2-a798-5400398ab6ad"><con:description>Simple test to validate that the User data contains the correct link and the User Feed contains at least 10 entries - would work well as a monitor. 

See https://developers.facebook.com/docs/reference/api/</con:description><con:settings/><con:testStep type="restrequest" name="User request" id="4bc70092-e56e-4909-bbad-09d1c3fec730"><con:settings/><con:config service="Graph API" resourcePath="/{user}" methodName="Method 1" xsi:type="con:RestRequestStep" xmlns:xsi="http://www.w3.org/2001/XMLSchema-instance"><con:restRequest name="User request" mediaType="application/xml" id="0df41aed-274c-4244-b854-67ef97058dbc"><con:settings><con:setting id="com.eviware.soapui.impl.wsdl.WsdlRequest@request-headers">&lt;xml-fragment/></con:setting></con:settings><con:endpoint>https://graph.facebook.com</con:endpoint><con:request/><con:assertion type="XPath Match" name="Match content of [link]" id="f423240b-6831-4bd6-bf04-5fbc9fe707ed"><con:configuration><path>declare namespace ns1='https://graph.facebook.com/olensmar';
//ns1:Response[1]/ns1:link[1]/text()</path><content>http://www.facebook.com/${#Project#facebook_user}</content><allowWildcards>false</allowWildcards><ignoreNamspaceDifferences>false</ignoreNamspaceDifferences><ignoreComments>false</ignoreComments></con:configuration></con:assertion><con:credentials><con:authType>Global HTTP Settings</con:authType></con:credentials><con:jmsConfig JMSDeliveryMode="PERSISTENT"/><con:jmsPropertyConfig/><con:parameters/></con:restRequest></con:config></con:testStep><con:testStep type="restrequest" name="Me Request" id="c5bfd5bf-4e9d-44a3-b174-1d80b5982ad4"><con:settings/><con:config service="Graph API" resourcePath="/me" methodName="Method 1" xsi:type="con:RestRequestStep" xmlns:xsi="http://www.w3.org/2001/XMLSchema-instance"><con:restRequest name="Me Request" mediaType="application/xml" id="825498ac-99ef-4ec0-8baa-c4256aee87b8"><con:settings><con:setting id="com.eviware.soapui.impl.wsdl.WsdlRequest@request-headers">&lt;xml-fragment/></con:setting></con:settings><con:endpoint>https://graph.facebook.com</con:endpoint><con:request/><con:assertion type="XPath Match" name="Match content of [link]" id="f544bc97-c61e-4377-a185-021380d43cd9"><con:configuration><path>declare namespace ns1='https://graph.facebook.com/me';
//ns1:Response[1]/ns1:link[1]/text()</path><content>${User request#ResponseAsXml#declare namespace ns1='https://graph.facebook.com/olensmar'; //ns1:Response[1]/ns1:link[1]}</content><allowWildcards>false</allowWildcards><ignoreNamspaceDifferences>false</ignoreNamspaceDifferences><ignoreComments>false</ignoreComments></con:configuration></con:assertion><con:credentials><con:authType>Global HTTP Settings</con:authType></con:credentials><con:jmsConfig JMSDeliveryMode="PERSISTENT"/><con:jmsPropertyConfig/><con:parameters><entry key="access_token" value="${#Project#facebook_access_token}" xmlns="http://eviware.com/soapui/config"/></con:parameters></con:restRequest></con:config></con:testStep><con:testStep type="transfer" name="Property Transfer" id="61e93e98-01be-4bbb-b61f-2a1a5f5581f7"><con:settings/><con:config xsi:type="con:PropertyTransfersStep" xmlns:xsi="http://www.w3.org/2001/XMLSchema-instance"><con:transfers setNullOnMissingSource="true" transferTextContent="true" failOnError="true" ignoreEmpty="false" transferToAll="false" useXQuery="false" entitize="false" transferChildNodes="false"><con:name>userid</con:name><con:sourceType>ResponseAsXml</con:sourceType><con:sourceStep>User request</con:sourceStep><con:sourcePath>declare namespace ns1='https://graph.facebook.com/olensmar';
//ns1:Response[1]/ns1:username[1]</con:sourcePath><con:targetType>user</con:targetType><con:targetStep>User Feed</con:targetStep><con:upgraded>true</con:upgraded></con:transfers></con:config></con:testStep><con:testStep type="restrequest" name="User Feed" id="9e12b45e-85c1-44bd-9f26-0a79e90e4be6"><con:settings/><con:config service="Graph API" resourcePath="/{user}/feed" methodName="Method 1" xsi:type="con:RestRequestStep" xmlns:xsi="http://www.w3.org/2001/XMLSchema-instance"><con:restRequest name="User Feed" mediaType="application/xml" id="d5a0a01a-2790-490b-a0a4-e391defa9e58"><con:settings><con:setting id="com.eviware.soapui.impl.wsdl.WsdlRequest@request-headers">&lt;xml-fragment/></con:setting></con:settings><con:endpoint>https://graph.facebook.com</con:endpoint><con:request/><con:assertion type="XPath Match" name="Check count of [actions]" id="3f7fc1d7-a60e-401b-9e20-a0a4fe55cc8f"><con:configuration><path>declare namespace ns1='https://graph.facebook.com/olensmar/feed';
count( //ns1:Response/ns1:data/ns1:e)>10</path><content>true</content><allowWildcards>false</allowWildcards><ignoreNamspaceDifferences>false</ignoreNamspaceDifferences><ignoreComments>false</ignoreComments></con:configuration></con:assertion><con:credentials><con:authType>Global HTTP Settings</con:authType></con:credentials><con:jmsConfig JMSDeliveryMode="PERSISTENT"/><con:jmsPropertyConfig/><con:parameters>
  <con:entry key="user" value="olensmar"/>
  <con:entry key="access_token" value="${#Project#facebook_access_token}"/>
</con:parameters></con:restRequest></con:config></con:testStep><con:properties/><con:reportParameters/><con:breakPoints><con:testStepId>61e93e98-01be-4bbb-b61f-2a1a5f5581f7</con:testStepId><con:status>NONE</con:status><con:properties/></con:breakPoints><con:breakPoints><con:testStepId>c5bfd5bf-4e9d-44a3-b174-1d80b5982ad4</con:testStepId><con:status>NONE</con:status><con:properties/></con:breakPoints></con:testCase><con:properties/><con:reportParameters/></con:testSuite><con:requirements/><con:properties><con:property><con:name>facebook_user</con:name><con:value/></con:property><con:property><con:name>facebook_access_token</con:name><con:value/></con:property></con:properties><con:wssContainer/><con:databaseConnectionContainer/><con:oAuth2ProfileContainer/><con:oAuth1ProfileContainer/><con:reporting><con:reportTemplates/><con:xmlTemplates/><con:parameters/></con:reporting><con:sensitiveInformation/></con:soapui-project>