<?xml version="1.0" encoding="UTF-8"?>
<con:soapui-project activeEnvironment="Default" name="Flickr" resourceRoot="" soapui-version="5.4.0-EB" id="d48a79dc-78da-46e2-b749-4c41e6755464" abortOnError="false" runType="SEQUENTIAL" xmlns:con="http://eviware.com/soapui/config"><con:settings/><con:interface xsi:type="con:RestService" wadlVersion="http://wadl.dev.java.net/2009/02" name="Flickr" type="rest" basePath="" id="924cafed-b2a9-4693-89a1-6b4a3cfb038b" xmlns:xsi="http://www.w3.org/2001/XMLSchema-instance"><con:settings/><con:definitionCache type="TEXT" rootPart=""/><con:endpoints><con:endpoint>http://api.flickr.com</con:endpoint></con:endpoints><con:resource name="services" path="services" id="dc310ac2-ce25-4a6d-927d-d7a4a075a065"><con:settings/><con:parameters><con:parameter required="true"><con:name>method</con:name><con:value/><con:style>QUERY</con:style><con:default/><con:option>flickr.photos.search</con:option><con:option>flickr.groups.search</con:option><con:option>flickr.people.findByUsername</con:option><con:option>flickr.places.find</con:option><con:option>flickr.cameras.getBrands</con:option><con:option>flickr.interestingness.getList</con:option></con:parameter><con:parameter required="true"><con:name>api_key</con:name><con:value>${#Project#ApiKey}</con:value><con:style>QUERY</con:style><con:default>${#Project#ApiKey}</con:default></con:parameter></con:parameters><con:resource name="rest" path="rest" id="653227c5-19d5-4927-b280-ec0df5fe1379"><con:settings/><con:parameters><con:parameter><con:name>format</con:name><con:value/><con:style>QUERY</con:style><con:default/><con:option>json</con:option><con:option>php_serial</con:option><con:option>xmlrpc</con:option><con:option>soap</con:option><con:option>rest</con:option></con:parameter><con:parameter><con:name>nojsoncallback</con:name><con:value/><con:style>QUERY</con:style><con:default/><con:option>1</con:option></con:parameter></con:parameters><con:method name="Photo Search" method="GET" id="7ec63f02-d422-4e02-a9dc-dee75c52eb75"><con:settings/><con:parameters><con:parameter><con:name>text</con:name><con:value/><con:style>QUERY</con:style><con:default/></con:parameter></con:parameters><con:representation type="FAULT"><con:mediaType>text/html; charset=UTF-8</con:mediaType><con:status>404</con:status><con:params/><con:element>html</con:element></con:representation><con:representation type="RESPONSE"><con:mediaType>text/xml; charset=utf-8</con:mediaType><con:status>200</con:status><con:params/><con:element>rsp</con:element></con:representation><con:representation type="RESPONSE"><con:mediaType>text/javascript; charset=utf-8</con:mediaType><con:status>200</con:status><con:params/></con:representation><con:representation type="RESPONSE"><con:mediaType>application/soap+xml; charset=utf-8</con:mediaType><con:status>200</con:status><con:params/><con:element xmlns:soap="http://www.w3.org/2003/05/soap-envelope">soap:Envelope</con:element></con:representation><con:request name="Request 1" mediaType="application/xml" id="3a154d86-6ddf-4f97-b131-73f5ab4af3ac"><con:settings><con:setting id="com.eviware.soapui.impl.wsdl.WsdlRequest@request-headers">&lt;xml-fragment/></con:setting></con:settings><con:endpoint>http://api.flickr.com</con:endpoint><con:request/><con:originalUri>http://api.flickr.com/services/rest</con:originalUri><con:credentials><con:selectedAuthProfile>Basic</con:selectedAuthProfile><con:addedBasicAuthenticationTypes>Basic</con:addedBasicAuthenticationTypes><con:authType>Global HTTP Settings</con:authType></con:credentials><con:jmsConfig JMSDeliveryMode="PERSISTENT"/><con:jmsPropertyConfig/><con:parameters>
  <con:entry key="text" value="soapui"/>
  <con:entry key="method" value="flickr.photos.search"/>
  <con:entry key="format" value="rest"/>
</con:parameters></con:request></con:method><con:method name="Group Search" method="GET" id="c305fe98-6fe0-4af6-98f5-8d4046af9ead"><con:settings/><con:parameters><con:parameter><con:name>text</con:name><con:value/><con:style>QUERY</con:style><con:type xmlns:xs="http://www.w3.org/2001/XMLSchema">xs:string</con:type><con:default/><con:path xsi:nil="true"/><con:description xsi:nil="true"/></con:parameter></con:parameters><con:representation type="RESPONSE"><con:mediaType>text/xml; charset=utf-8</con:mediaType><con:status>200</con:status><con:params/><con:element>rsp</con:element></con:representation><con:request name="Request 1" mediaType="application/xml" id="e47c8ffe-b778-440c-931f-faa636b143c9"><con:settings><con:setting id="com.eviware.soapui.impl.wsdl.WsdlRequest@request-headers">&lt;xml-fragment/></con:setting></con:settings><con:endpoint>http://api.flickr.com</con:endpoint><con:request/><con:credentials><con:authType>Global HTTP Settings</con:authType></con:credentials><con:jmsConfig JMSDeliveryMode="PERSISTENT"/><con:jmsPropertyConfig/><con:parameters>
  <con:entry key="text" value="leica"/>
  <con:entry key="method" value="flickr.groups.search"/>
</con:parameters></con:request></con:method><con:method name="Find User" method="GET" id="31235f6a-f9dd-4114-9847-f67fc73d3e74"><con:settings/><con:parameters><con:parameter><con:name>username</con:name><con:value/><con:style>QUERY</con:style><con:type xmlns:xs="http://www.w3.org/2001/XMLSchema">xs:string</con:type><con:default/><con:path xsi:nil="true"/><con:description xsi:nil="true"/></con:parameter></con:parameters><con:representation type="RESPONSE"><con:mediaType>text/xml; charset=utf-8</con:mediaType><con:status>200</con:status><con:params/><con:element>rsp</con:element></con:representation><con:request name="Request 1" mediaType="application/xml" id="e848b46e-4abd-4708-8887-3f7d311d3205"><con:settings><con:setting id="com.eviware.soapui.impl.wsdl.WsdlRequest@request-headers">&lt;xml-fragment/></con:setting></con:settings><con:endpoint>http://api.flickr.com</con:endpoint><con:request/><con:credentials><con:authType>Global HTTP Settings</con:authType></con:credentials><con:jmsConfig JMSDeliveryMode="PERSISTENT"/><con:jmsPropertyConfig/><con:parameters>
  <con:entry key="username" value="olensmar"/>
  <con:entry key="method" value="flickr.people.findByUsername"/>
</con:parameters></con:request></con:method><con:method name="Find Places" method="GET" id="41130f11-1b18-4a09-8027-d036d30dea51"><con:settings/><con:parameters><con:parameter><con:name>query</con:name><con:value/><con:style>QUERY</con:style><con:type xmlns:xs="http://www.w3.org/2001/XMLSchema">xs:string</con:type><con:default/><con:path xsi:nil="true"/><con:description xsi:nil="true"/></con:parameter></con:parameters><con:representation type="RESPONSE"><con:mediaType>text/xml; charset=utf-8</con:mediaType><con:status>200</con:status><con:params/><con:element>rsp</con:element></con:representation><con:representation type="RESPONSE"><con:mediaType>application/json</con:mediaType><con:status>200</con:status><con:params/><con:element xmlns:rest="http://api.flickr.com/services/rest">rest:Response</con:element></con:representation><con:request name="Request 1" mediaType="application/xml" id="22b57cfb-60ff-4eb0-8d27-e5d2b8643156"><con:settings><con:setting id="com.eviware.soapui.impl.wsdl.WsdlRequest@request-headers">&lt;xml-fragment/></con:setting></con:settings><con:endpoint>http://api.flickr.com</con:endpoint><con:request/><con:credentials><con:authType>Global HTTP Settings</con:authType></con:credentials><con:jmsConfig JMSDeliveryMode="PERSISTENT"/><con:jmsPropertyConfig/><con:parameters>
  <con:entry key="query" value="stockholm"/>
  <con:entry key="method" value="flickr.places.find"/>
</con:parameters></con:request></con:method><con:method name="Get Cameras" method="GET" id="d8dd3ab6-cb18-4e68-ac91-aacb9c08f23c"><con:settings/><con:parameters/><con:representation type="RESPONSE"><con:mediaType>text/xml; charset=utf-8</con:mediaType><con:status>200</con:status><con:params/><con:element>rsp</con:element></con:representation><con:representation type="RESPONSE"><con:mediaType>text/javascript; charset=utf-8</con:mediaType><con:status>200</con:status><con:params/></con:representation><con:representation type="RESPONSE"><con:mediaType>text/plain; charset=utf-8</con:mediaType><con:status>200</con:status><con:params/><con:element>data</con:element></con:representation><con:representation type="RESPONSE"><con:mediaType>application/soap+xml; charset=utf-8</con:mediaType><con:status>200</con:status><con:params/><con:element xmlns:soap="http://www.w3.org/2003/05/soap-envelope">soap:Envelope</con:element></con:representation><con:representation type="RESPONSE"><con:mediaType>application/json</con:mediaType><con:status>200</con:status><con:params/><con:element xmlns:rest="http://api.flickr.com/services/rest">rest:Response</con:element></con:representation><con:request name="Request 1" mediaType="application/xml" id="99a37ae8-de1e-4fb8-937c-93791bb9fa11"><con:settings><con:setting id="com.eviware.soapui.impl.wsdl.WsdlRequest@request-headers">&lt;xml-fragment/></con:setting></con:settings><con:endpoint>http://api.flickr.com</con:endpoint><con:request/><con:credentials><con:authType>Global HTTP Settings</con:authType></con:credentials><con:jmsConfig JMSDeliveryMode="PERSISTENT"/><con:jmsPropertyConfig/><con:parameters>
  <con:entry key="nojsoncallback" value="1"/>
  <con:entry key="method" value="flickr.cameras.getBrands"/>
  <con:entry key="format" value="php_serial"/>
</con:parameters></con:request></con:method><con:method name="Interestingness" method="GET" id="df1cfed0-1e0b-446f-b377-9d33464e4b39"><con:settings/><con:parameters/><con:representation type="RESPONSE"><con:mediaType>text/xml; charset=utf-8</con:mediaType><con:status>200</con:status><con:params/><con:element>rsp</con:element></con:representation><con:representation type="RESPONSE"><con:mediaType>application/json</con:mediaType><con:status>200</con:status><con:params/><con:element xmlns:rest="http://api.flickr.com/services/rest">rest:Response</con:element></con:representation><con:request name="Request 1" mediaType="application/xml" id="8c84f0ff-8a8c-4e6d-acd6-28b1300652f8"><con:settings><con:setting id="com.eviware.soapui.impl.wsdl.WsdlRequest@request-headers">&lt;xml-fragment/></con:setting></con:settings><con:endpoint>http://api.flickr.com</con:endpoint><con:request/><con:credentials><con:authType>Global HTTP Settings</con:authType></con:credentials><con:jmsConfig JMSDeliveryMode="PERSISTENT"/><con:jmsPropertyConfig/><con:parameters>
  <con:entry key="nojsoncallback" value="1"/>
  <con:entry key="method" value="flickr.interestingness.getList"/>
  <con:entry key="format" value="json"/>
</con:parameters></con:request></con:method></con:resource></con:resource></con:interface><con:testSuite name="TestSuite" id="2be7f907-88d8-4d2e-b055-875e2de5b413"><con:settings/><con:runType>SEQUENTIAL</con:runType><con:testCase failOnError="true" failTestCaseOnErrors="true" keepSession="false" maxResults="0" name="TestCase" searchProperties="true" id="731ad4bf-e60d-450a-ac48-9ddacccfe4b7"><con:description>Basic tests for Flickr API - including both authenticated and anonymous resources:
- First request makes sure the interestingness list always contains 100 entries (which it won't when a new day starts)
- Send request makes sure the specified user can be found
- Third request checks that "Nikon" is in the list of cameras
- Fourth request checks that there are photos available for "Stockholm"

see http://www.flickr.com/services/api/</con:description><con:settings><con:setting id="IncludeOverview">true</con:setting><con:setting id="IncludeResults">true</con:setting><con:setting id="FlowLayout">false</con:setting><con:setting id="ErrorDetails">true</con:setting><con:setting id="IncludeCoverage">true</con:setting></con:settings><con:testStep type="restrequest" name="Interestingness Request - JSON" id="52577f99-7290-49e4-9900-5be46f886dba"><con:settings/><con:config service="Flickr" resourcePath="/services/rest" methodName="Interestingness" xsi:type="con:RestRequestStep" xmlns:xsi="http://www.w3.org/2001/XMLSchema-instance"><con:restRequest name="Interestingness Request - JSON" mediaType="application/xml" id="7960f812-2194-4516-81e4-11ae95538956"><con:settings><con:setting id="com.eviware.soapui.impl.wsdl.WsdlRequest@request-headers">&lt;xml-fragment/></con:setting></con:settings><con:endpoint>http://api.flickr.com</con:endpoint><con:request/><con:assertion type="XPath Match" name="Check count of [e]" id="2d08489d-7d4b-4025-89b6-3a6f0e5ecc7b"><con:configuration><path>declare namespace ns1='http://api.flickr.com/services/rest';
count( //ns1:Response/ns1:photos/ns1:photo/ns1:e)</path><content>100</content><allowWildcards>false</allowWildcards><ignoreNamspaceDifferences>false</ignoreNamspaceDifferences><ignoreComments>false</ignoreComments></con:configuration></con:assertion><con:credentials><con:authType>Global HTTP Settings</con:authType></con:credentials><con:jmsConfig JMSDeliveryMode="PERSISTENT"/><con:jmsPropertyConfig/><con:parameters>
  <con:entry key="nojsoncallback" value="1"/>
  <con:entry key="method" value="flickr.interestingness.getList"/>
  <con:entry key="format" value="json"/>
</con:parameters></con:restRequest></con:config></con:testStep><con:testStep type="restrequest" name="Find User Request - REST" id="7b0f0e9c-4cd8-4025-960b-020104525ab8"><con:settings/><con:config service="Flickr" resourcePath="/services/rest" methodName="Find User" xsi:type="con:RestRequestStep" xmlns:xsi="http://www.w3.org/2001/XMLSchema-instance"><con:restRequest name="Find User Request - REST" mediaType="application/xml" id="52b8ba63-f6dd-4cfd-a865-54e04670a4be"><con:settings><con:setting id="com.eviware.soapui.impl.wsdl.WsdlRequest@request-headers">&lt;xml-fragment/></con:setting></con:settings><con:endpoint>http://api.flickr.com</con:endpoint><con:request/><con:assertion type="XPath Match" name="Match content of [rsp]" id="ac3eb83d-7504-474a-83a4-bbf73e3a2cca"><con:configuration><path>//rsp[1]</path><content><![CDATA[<rsp stat="ok">
  <user id="42340368@N08" nsid="42340368@N08">
    <username>olensmar</username>
  </user>
</rsp>]]></content><allowWildcards>false</allowWildcards><ignoreNamspaceDifferences>false</ignoreNamspaceDifferences><ignoreComments>false</ignoreComments></con:configuration></con:assertion><con:credentials><con:authType>Global HTTP Settings</con:authType></con:credentials><con:jmsConfig JMSDeliveryMode="PERSISTENT"/><con:jmsPropertyConfig/><con:parameters>
  <con:entry key="username" value="olensmar"/>
  <con:entry key="method" value="flickr.people.findByUsername"/>
  <con:entry key="format" value="rest"/>
</con:parameters></con:restRequest></con:config></con:testStep><con:testStep type="restrequest" name="Get Cameras - SOAP" id="daf611f9-2fb4-4e49-8889-3847c3ef9d51"><con:settings/><con:config service="Flickr" resourcePath="/services/rest" methodName="Get Cameras" xsi:type="con:RestRequestStep" xmlns:xsi="http://www.w3.org/2001/XMLSchema-instance"><con:restRequest name="Get Cameras - SOAP" mediaType="application/xml" id="cf3086c4-b17d-4c4d-8129-a30d4f260ec7"><con:settings><con:setting id="com.eviware.soapui.impl.wsdl.WsdlRequest@request-headers">&lt;xml-fragment/></con:setting></con:settings><con:endpoint>http://api.flickr.com</con:endpoint><con:request/><con:assertion type="Simple Contains" name="Contains" id="7ad27965-9316-4a5b-abe3-2dc50e2a5fe5"><con:configuration><token>&lt;brand id="nikon" name="Nikon" /></token><ignoreCase>false</ignoreCase><useRegEx>false</useRegEx></con:configuration></con:assertion><con:credentials><con:authType>Global HTTP Settings</con:authType></con:credentials><con:jmsConfig JMSDeliveryMode="PERSISTENT"/><con:jmsPropertyConfig/><con:parameters>
  <con:entry key="nojsoncallback" value="1"/>
  <con:entry key="method" value="flickr.cameras.getBrands"/>
  <con:entry key="format" value="soap"/>
</con:parameters></con:restRequest></con:config></con:testStep><con:testStep type="restrequest" name="Find Places - JSON" id="1a12f281-22b8-461d-a862-77f0ed90984c"><con:settings/><con:config service="Flickr" resourcePath="/services/rest" methodName="Find Places" xsi:type="con:RestRequestStep" xmlns:xsi="http://www.w3.org/2001/XMLSchema-instance"><con:restRequest name="Find Places - JSON" mediaType="application/xml" accept="" id="b3767813-05ec-4f3b-8b0c-c3aad2e8f295"><con:settings><con:setting id="com.eviware.soapui.impl.wsdl.WsdlRequest@request-headers">&lt;xml-fragment/></con:setting></con:settings><con:endpoint>http://api.flickr.com</con:endpoint><con:request/><con:assertion type="XPath Match" name="Check for existance of [e]" id="8e28f01d-6f0d-4e0e-9432-b0e21fb3af32"><con:configuration><path>declare namespace ns1='http://api.flickr.com/services/rest';
exists( //ns1:Response/ns1:places/ns1:place/ns1:e)</path><content>true</content><allowWildcards>false</allowWildcards><ignoreNamspaceDifferences>false</ignoreNamspaceDifferences><ignoreComments>false</ignoreComments></con:configuration></con:assertion><con:credentials><con:authType>Global HTTP Settings</con:authType></con:credentials><con:jmsConfig JMSDeliveryMode="PERSISTENT"/><con:jmsPropertyConfig/><con:parameters>
  <con:entry key="query" value="stockholm"/>
  <con:entry key="nojsoncallback" value="1"/>
  <con:entry key="method" value="flickr.places.find"/>
  <con:entry key="format" value="json"/>
</con:parameters></con:restRequest></con:config></con:testStep><con:properties><con:property><con:name>temp</con:name><con:value/></con:property></con:properties><con:reportParameters/></con:testCase><con:properties/><con:reportParameters/></con:testSuite><con:requirements/><con:properties><con:property><con:name>ApiKey</con:name><con:value/></con:property></con:properties><con:wssContainer/><con:databaseConnectionContainer/><con:oAuth2ProfileContainer/><con:oAuth1ProfileContainer/><con:reporting><con:reportTemplates/><con:xmlTemplates/><con:parameters/></con:reporting><con:sensitiveInformation/></con:soapui-project>