<?xml version="1.0" encoding="UTF-8"?>
<con:soapui-project id="711a5c65-e0a1-43c7-b9a4-867d39b0c63c" activeEnvironment="Default" name="sample-service" resourceRoot="" soapui-version="5.4.0-EB" abortOnError="false" runType="SEQUENTIAL" xmlns:con="http://eviware.com/soapui/config"><con:settings/><con:interface xsi:type="con:RestService" id="65ea1f18-4605-4b55-aec1-9b4149e918d6" wadlVersion="http://research.sun.com/wadl/2006/10" name="sample-service" type="rest" basePath="/" definitionUrl="file:/C:/Users/liangr/SoapUI-Tutorials/WSDL-WADL/sample-service.wadl" xmlns:xsi="http://www.w3.org/2001/XMLSchema-instance"><con:settings/><con:definitionCache type="TEXT" rootPart="file:/C:/Users/liangr/SoapUI-Tutorials/WSDL-WADL/sample-service.wadl"><con:part><con:url>file:/C:/Users/liangr/SoapUI-Tutorials/WSDL-WADL/sample-service.wadl</con:url><con:content><![CDATA[<application xmlns:xsd="http://www.w3.org/2001/XMLSchema" xmlns:html="http://www.w3.org/1999/xhtml" xmlns="http://research.sun.com/wadl/2006/10">
  <doc xmlns:smartbear="http://www.smartbear.com/"/>
  <resources base="http://localhost:8080/">
    <resource path="accountcreation">
      <method name="GET" id="viewAccountRegistration">
        <doc xml:lang="en" title="Register a new account">The account register service can be used to fill in account registration forms.</doc>
        <response>
          <representation mediaType="text/html"/>
        </response>
      </method>
      <method name="POST" id="createUserAccount">
        <doc xml:lang="en" title="Register a new account">Creating the account after having filled in the registration form.</doc>
        <request>
          <param type="xs:string" style="query" name="username" xmlns:xs="http://www.w3.org/2001/XMLSchema">
            <doc>The username</doc>
          </param>
          <param type="xs:string" style="query" name="password" xmlns:xs="http://www.w3.org/2001/XMLSchema">
            <doc>The password</doc>
          </param>
          <representation mediaType="application/json"/>
        </request>
        <response>
          <representation mediaType="text/html"/>
        </response>
      </method>
    </resource>
  </resources>
</application>]]></con:content><con:type>http://research.sun.com/wadl/2006/10</con:type></con:part></con:definitionCache><con:endpoints><con:endpoint>http://localhost:8080</con:endpoint></con:endpoints><con:resource name="accountcreation" path="accountcreation" id="205ac385-0ae8-4e7e-bfab-810992e21b6a"><con:settings/><con:parameters/><con:method name="Register a new account - viewAccountRegistration" id="ce8104ce-8c1b-4852-a670-e1cf28455176" method="GET"><con:settings/><con:parameters/><con:representation type="RESPONSE" id=""><con:mediaType>text/html</con:mediaType><con:params/><con:element xsi:nil="true"/><con:description xsi:nil="true"/></con:representation><con:request name="Request 1" id="2e69392d-9f50-4220-9593-7a8c3a8b36c3" mediaType="application/json"><con:settings><con:setting id="com.eviware.soapui.impl.wsdl.WsdlRequest@request-headers">&lt;xml-fragment/></con:setting></con:settings><con:endpoint>http://localhost:8080</con:endpoint><con:request/><con:originalUri>http://localhost/accountcreation</con:originalUri><con:credentials><con:authType>No Authorization</con:authType></con:credentials><con:jmsConfig JMSDeliveryMode="PERSISTENT"/><con:jmsPropertyConfig/><con:parameters/></con:request></con:method><con:method name="Register a new account - createUserAccount" id="6edd0d5e-a1a7-4ace-a564-6c691f0f1f7a" method="POST"><con:settings/><con:parameters><con:parameter><con:name>username</con:name><con:value xsi:nil="true"/><con:style>QUERY</con:style><con:default xsi:nil="true"/></con:parameter><con:parameter><con:name>password</con:name><con:value xsi:nil="true"/><con:style>QUERY</con:style><con:default xsi:nil="true"/></con:parameter></con:parameters><con:representation type="REQUEST" id=""><con:mediaType>application/json</con:mediaType><con:params/><con:element xsi:nil="true"/><con:description xsi:nil="true"/></con:representation><con:representation type="RESPONSE" id=""><con:mediaType>text/html</con:mediaType><con:params/><con:element xsi:nil="true"/><con:description xsi:nil="true"/></con:representation><con:request name="Request 1" id="cc23aa97-6103-4879-bc56-cedc91b32646" mediaType="application/json"><con:settings/><con:endpoint>http://localhost:8080</con:endpoint><con:parameters/></con:request></con:method></con:resource></con:interface><con:properties/><con:wssContainer/><con:oAuth2ProfileContainer/><con:oAuth1ProfileContainer/><con:sensitiveInformation/></con:soapui-project>