<?xml version="1.0" encoding="UTF-8"?>
<con:soapui-project activeEnvironment="Default" name="YouTube" resourceRoot="" soapui-version="5.4.0-EB" id="85c70294-a1a1-487a-9de4-8081303f522c" abortOnError="false" runType="SEQUENTIAL" xmlns:con="http://eviware.com/soapui/config"><con:settings/><con:interface xsi:type="con:RestService" wadlVersion="http://wadl.dev.java.net/2009/02" name="YouTube" type="rest" basePath="/" id="9389a6fb-4638-4914-b749-29cdde57107b" xmlns:xsi="http://www.w3.org/2001/XMLSchema-instance"><con:settings/><con:definitionCache type="TEXT" rootPart=""/><con:endpoints><con:endpoint>http://gdata.youtube.com</con:endpoint></con:endpoints><con:resource name="feeds" path="feeds" id="083f4315-1bf4-4510-9e5d-3f1a67bdf80b"><con:settings/><con:parameters><con:parameter><con:name>alt</con:name><con:value>atom</con:value><con:style>QUERY</con:style><con:default>atom</con:default><con:option>atom</con:option><con:option>json</con:option><con:option>rss</con:option><con:option>json-in-script</con:option><con:option>jsonc</con:option></con:parameter><con:parameter><con:name>v</con:name><con:value>2</con:value><con:style>QUERY</con:style><con:default>2</con:default><con:option>1</con:option><con:option>2</con:option><con:option>2.1</con:option></con:parameter></con:parameters><con:resource name="videos" path="/api/videos" id="bff89b72-8219-4246-91c3-725f994439d6"><con:settings/><con:parameters><con:parameter><con:name>q</con:name><con:value/><con:style>QUERY</con:style><con:type xmlns:xs="http://www.w3.org/2001/XMLSchema">xs:string</con:type><con:default/><con:path xsi:nil="true"/><con:description xsi:nil="true"/></con:parameter><con:parameter><con:name>start-index</con:name><con:value/><con:style>QUERY</con:style><con:type xmlns:xs="http://www.w3.org/2001/XMLSchema">xs:string</con:type><con:default/><con:path xsi:nil="true"/><con:description xsi:nil="true"/></con:parameter><con:parameter><con:name>max-results</con:name><con:value/><con:style>QUERY</con:style><con:type xmlns:xs="http://www.w3.org/2001/XMLSchema">xs:string</con:type><con:default/><con:path xsi:nil="true"/><con:description xsi:nil="true"/></con:parameter></con:parameters><con:method name="GET" method="GET" id="30c502f4-14e3-45dc-b978-51cf2f5b50bc"><con:settings/><con:parameters/><con:representation type="RESPONSE"><con:mediaType>application/atom+xml; charset=UTF-8</con:mediaType><con:status>200</con:status><con:params/><con:element xmlns:atom="http://www.w3.org/2005/Atom">atom:feed</con:element></con:representation><con:representation type="RESPONSE"><con:mediaType>application/json; charset=UTF-8</con:mediaType><con:status>200</con:status><con:params/><con:element xmlns:vid="http://gdata.youtube.com/feeds/api/videos">vid:Response</con:element></con:representation><con:representation type="RESPONSE"><con:mediaType>application/rss+xml; charset=UTF-8</con:mediaType><con:status>200</con:status><con:params/><con:element>rss</con:element></con:representation><con:representation type="RESPONSE"><con:mediaType>text/javascript; charset=UTF-8</con:mediaType><con:status>200</con:status><con:params/></con:representation><con:representation type="FAULT"><con:mediaType>application/json; charset=UTF-8</con:mediaType><con:status>400</con:status><con:params/><con:element xmlns:vid="http://gdata.youtube.com/feeds/api/videos">vid:Fault</con:element></con:representation><con:representation type="RESPONSE"><con:mediaType>application/json;charset=UTF-8</con:mediaType><con:status>200</con:status><con:params/><con:element xmlns:vid="http://gdata.youtube.com/feeds/api/videos">vid:Response</con:element></con:representation><con:request name="Request 1" mediaType="application/xml" id="5ede40bb-ff60-42bf-a4f9-3248a542c5e5"><con:settings><con:setting id="com.eviware.soapui.impl.wsdl.WsdlRequest@request-headers">&lt;xml-fragment/></con:setting></con:settings><con:endpoint>http://gdata.youtube.com</con:endpoint><con:request/><con:credentials><con:authType>Global HTTP Settings</con:authType></con:credentials><con:jmsConfig JMSDeliveryMode="PERSISTENT"/><con:jmsPropertyConfig/><con:parameters>
  <con:entry key="alt" value="json-in-script"/>
  <con:entry key="q" value="soapui"/>
</con:parameters></con:request></con:method></con:resource><con:resource name="channels" path="/api/channels" id="eb937c38-243b-4066-b945-2dd39bdbf6b3"><con:settings/><con:parameters><con:parameter><con:name>q</con:name><con:value/><con:style>QUERY</con:style><con:type xmlns:xs="http://www.w3.org/2001/XMLSchema">xs:string</con:type><con:default/><con:path xsi:nil="true"/><con:description xsi:nil="true"/></con:parameter><con:parameter><con:name>start-index</con:name><con:value/><con:style>QUERY</con:style><con:type xmlns:xs="http://www.w3.org/2001/XMLSchema">xs:string</con:type><con:default/><con:path xsi:nil="true"/><con:description xsi:nil="true"/></con:parameter><con:parameter><con:name>max-results</con:name><con:value/><con:style>QUERY</con:style><con:type xmlns:xs="http://www.w3.org/2001/XMLSchema">xs:string</con:type><con:default/><con:path xsi:nil="true"/><con:description xsi:nil="true"/></con:parameter></con:parameters><con:method name="GET" method="GET" id="6ad69e83-3eea-4c1d-a3aa-18816d79e223"><con:settings/><con:parameters/><con:representation type="RESPONSE"><con:mediaType>application/atom+xml; charset=UTF-8; type=feed</con:mediaType><con:status>200</con:status><con:params/><con:element xmlns:atom="http://www.w3.org/2005/Atom">atom:feed</con:element></con:representation><con:representation type="RESPONSE"><con:mediaType>application/json; charset=UTF-8</con:mediaType><con:status>200</con:status><con:params/><con:element xmlns:chan="http://gdata.youtube.com/feeds/api/channels">chan:Response</con:element></con:representation><con:request name="Request 1" mediaType="application/xml" id="d7019404-8299-44ea-adbf-d143a21fa415"><con:settings><con:setting id="com.eviware.soapui.impl.wsdl.WsdlRequest@request-headers">&lt;xml-fragment/></con:setting></con:settings><con:endpoint>http://gdata.youtube.com</con:endpoint><con:request/><con:credentials><con:authType>Global HTTP Settings</con:authType></con:credentials><con:jmsConfig JMSDeliveryMode="PERSISTENT"/><con:jmsPropertyConfig/><con:parameters><entry key="q" value="smartbear" xmlns="http://eviware.com/soapui/config"/></con:parameters></con:request></con:method></con:resource><con:resource name="standard" path="api/standardfeeds" id="e1ee066d-d709-436c-923f-5173f1c44426"><con:settings/><con:parameters/><con:resource name="top_rated" path="top_rated" id="45a21434-2344-4afc-aec5-576e0a70fc6a"><con:settings/><con:parameters/><con:method name="Method 1" method="GET" id="1aefa520-9288-4d70-b46c-b0a9739612da"><con:settings/><con:parameters/><con:representation type="FAULT"><con:mediaType>application/vnd.google.gdata.error+xml</con:mediaType><con:status>404 400</con:status><con:params/><con:element xmlns:ns="http://schemas.google.com/g/2005">ns:errors</con:element></con:representation><con:representation type="RESPONSE"><con:mediaType>application/atom+xml; charset=UTF-8; type=feed</con:mediaType><con:status>200</con:status><con:params/><con:element xmlns:atom="http://www.w3.org/2005/Atom">atom:feed</con:element></con:representation><con:representation type="RESPONSE"><con:mediaType>application/rss+xml; charset=UTF-8</con:mediaType><con:status>200</con:status><con:params/><con:element>rss</con:element></con:representation><con:request name="Request 1" mediaType="application/xml" id="dff71ccf-2766-4bdf-bea1-167d66917c6f"><con:settings><con:setting id="com.eviware.soapui.impl.wsdl.WsdlRequest@request-headers">&lt;xml-fragment/></con:setting></con:settings><con:endpoint>http://gdata.youtube.com</con:endpoint><con:request/><con:credentials><con:authType>Global HTTP Settings</con:authType></con:credentials><con:jmsConfig JMSDeliveryMode="PERSISTENT"/><con:jmsPropertyConfig/><con:parameters><entry key="alt" value="rss" xmlns="http://eviware.com/soapui/config"/></con:parameters></con:request></con:method></con:resource><con:resource name="most_popular" path="most_popular" id="1732adce-a63f-4d78-81e2-6a0fa0731a35"><con:settings/><con:parameters/><con:method name="Method 1" method="GET" id="8d523916-80c2-46ee-b751-695c38cf84b3"><con:settings/><con:parameters/><con:representation type="RESPONSE"><con:mediaType>application/json; charset=UTF-8</con:mediaType><con:status>200</con:status><con:params/><con:element xmlns:most="http://gdata.youtube.com/feeds/api/standardfeeds/most_popular">most:Response</con:element></con:representation><con:request name="Request 1" mediaType="application/xml" id="d002311d-0377-40b7-8508-fd79590623cd"><con:settings/><con:endpoint>http://gdata.youtube.com</con:endpoint><con:request/><con:credentials><con:authType>Global HTTP Settings</con:authType></con:credentials><con:jmsConfig JMSDeliveryMode="PERSISTENT"/><con:jmsPropertyConfig/><con:parameters/></con:request></con:method></con:resource><con:resource name="most_viewed" path="most_viewed" id="da46fad3-5417-479e-ae84-e9326f20718f"><con:settings/><con:parameters/><con:method name="Method 1" method="GET" id="9d2ce943-d3e0-4509-b356-d73049cd64b5"><con:settings/><con:parameters/><con:representation type="RESPONSE"><con:mediaType>application/atom+xml; charset=UTF-8; type=feed</con:mediaType><con:status>200</con:status><con:params/><con:element xmlns:atom="http://www.w3.org/2005/Atom">atom:feed</con:element></con:representation><con:representation type="RESPONSE"><con:mediaType>text/javascript; charset=UTF-8</con:mediaType><con:status>200</con:status><con:params/></con:representation><con:representation type="RESPONSE"><con:mediaType>text/javascript;charset=UTF-8</con:mediaType><con:status>200</con:status><con:params/></con:representation><con:request name="Request 1" mediaType="application/xml" id="b36590ed-3ecc-44b3-9853-6b011e917bb2"><con:settings><con:setting id="com.eviware.soapui.impl.wsdl.WsdlRequest@request-headers">&lt;xml-fragment/></con:setting></con:settings><con:endpoint>http://gdata.youtube.com</con:endpoint><con:request/><con:credentials><con:authType>Global HTTP Settings</con:authType></con:credentials><con:jmsConfig JMSDeliveryMode="PERSISTENT"/><con:jmsPropertyConfig/><con:parameters/></con:request></con:method></con:resource></con:resource></con:resource></con:interface><con:testSuite name="TestSuite" id="7389c573-6520-447c-bb54-04e3b9df71a8"><con:settings/><con:runType>SEQUENTIAL</con:runType><con:testCase failOnError="true" failTestCaseOnErrors="true" keepSession="false" maxResults="0" name="TestCase" searchProperties="true" id="ebc9d39a-3df0-417f-b80b-c08f213b582d"><con:description>Basic requests with the YouTube API:
- Channel Search ; searches for channels named "smartbear" - JSON Response - validates that there is at least one hit
- Video Search : searches for videos named "unprepared geeks" - ATOM XML Response - validates that there is at least one hit
- Top Rated : validates that the top-rated RSS listing contains the correct youtube image
- Most Popular : validates that the Most Popular response in JSONC format contains the expected access-control permissions 
- Most Viewed : validates that the Most Viewed response in JSON-in-Script format starts with the expected script call 

see https://developers.google.com/youtube/2.0/developers_guide_protocol_audience</con:description><con:settings/><con:testStep type="restrequest" name="Channel Search - JSON" id="fd4a79ea-ca4b-4a73-ae76-32d0e6bf7f9a"><con:settings/><con:config service="YouTube" resourcePath="/feeds/api/channels" methodName="GET" xsi:type="con:RestRequestStep" xmlns:xsi="http://www.w3.org/2001/XMLSchema-instance"><con:restRequest name="Channel Search - JSON" mediaType="application/xml" accept="" id="be01e38b-2673-4352-a966-a3b0045e47a3"><con:settings><con:setting id="com.eviware.soapui.impl.wsdl.WsdlRequest@request-headers">&lt;xml-fragment/></con:setting></con:settings><con:endpoint>http://gdata.youtube.com</con:endpoint><con:request/><con:assertion type="XPath Match" name="Check count of [e]" id="86c881e4-9102-46c2-b2f1-0c93c8a5f3ae"><con:configuration><path>declare namespace ns1='http://gdata.youtube.com/feeds/api/channels';
count( //ns1:Response/ns1:feed/ns1:entry/ns1:e) > 0</path><content>true</content><allowWildcards>false</allowWildcards><ignoreNamspaceDifferences>false</ignoreNamspaceDifferences><ignoreComments>false</ignoreComments></con:configuration></con:assertion><con:credentials><con:authType>Global HTTP Settings</con:authType></con:credentials><con:jmsConfig JMSDeliveryMode="PERSISTENT"/><con:jmsPropertyConfig/><con:parameters>
  <con:entry key="alt" value="json"/>
  <con:entry key="q" value="smartbear"/>
</con:parameters></con:restRequest></con:config></con:testStep><con:testStep type="restrequest" name="Video Search - ATOM" id="0d59f425-51c4-4187-bf98-44b339ca270a"><con:settings/><con:config service="YouTube" resourcePath="/feeds/api/videos" methodName="GET" xsi:type="con:RestRequestStep" xmlns:xsi="http://www.w3.org/2001/XMLSchema-instance"><con:restRequest name="Video Search - ATOM" mediaType="application/xml" accept="" id="4fd5a018-3ee5-418f-a57f-ccabdc8f7146"><con:settings><con:setting id="com.eviware.soapui.impl.wsdl.WsdlRequest@request-headers">&lt;xml-fragment/></con:setting></con:settings><con:endpoint>http://gdata.youtube.com</con:endpoint><con:request/><con:assertion type="XPath Match" name="Check for existance of [entry]" id="fb87d32c-6b45-44e2-b022-0c869febed67"><con:configuration><path>declare namespace ns1='http://www.w3.org/2005/Atom';
exists( //ns1:feed/ns1:entry)</path><content>true</content><allowWildcards>false</allowWildcards><ignoreNamspaceDifferences>false</ignoreNamspaceDifferences><ignoreComments>false</ignoreComments></con:configuration></con:assertion><con:credentials><con:authType>Global HTTP Settings</con:authType></con:credentials><con:jmsConfig JMSDeliveryMode="PERSISTENT"/><con:jmsPropertyConfig/><con:parameters>
  <con:entry key="v" value="1"/>
  <con:entry key="q" value="&quot;unprepared geeks&quot;"/>
</con:parameters></con:restRequest></con:config></con:testStep><con:testStep type="restrequest" name="Top Rated - RSS" id="ad62df89-ff36-469b-ba4b-f06d3a25a942"><con:settings/><con:config service="YouTube" resourcePath="/feeds/api/standardfeeds/top_rated" methodName="Method 1" xsi:type="con:RestRequestStep" xmlns:xsi="http://www.w3.org/2001/XMLSchema-instance"><con:restRequest name="Top Rated - RSS" mediaType="application/xml" id="0199ab44-ad10-492c-83b0-fc12b1d82e63"><con:settings><con:setting id="com.eviware.soapui.impl.wsdl.WsdlRequest@request-headers">&lt;xml-fragment/></con:setting></con:settings><con:endpoint>http://gdata.youtube.com</con:endpoint><con:request/><con:assertion type="XPath Match" name="Match content of [image]" id="89fb5e14-cef4-4530-89fb-2fb3e6dbbab9"><con:configuration><path>//rss[1]/channel[1]/image[1]</path><content><![CDATA[<image xmlns:app="http://www.w3.org/2007/app" xmlns:atom="http://www.w3.org/2005/Atom" xmlns:media="http://search.yahoo.com/mrss/" xmlns:openSearch="http://a9.com/-/spec/opensearch/1.1/" xmlns:gd="http://schemas.google.com/g/2005" xmlns:yt="http://gdata.youtube.com/schemas/2007">
  <url>http://www.youtube.com/img/pic_youtubelogo_123x63.gif</url>
  <title>Top Rated</title>
  <link>http://www.youtube.com/channel/HCWKQJPHqP4J0</link>
</image>]]></content><allowWildcards>false</allowWildcards><ignoreNamspaceDifferences>false</ignoreNamspaceDifferences><ignoreComments>false</ignoreComments></con:configuration></con:assertion><con:credentials><con:authType>Global HTTP Settings</con:authType></con:credentials><con:jmsConfig JMSDeliveryMode="PERSISTENT"/><con:jmsPropertyConfig/><con:parameters><entry key="alt" value="rss" xmlns="http://eviware.com/soapui/config"/></con:parameters></con:restRequest></con:config></con:testStep><con:testStep type="restrequest" name="Most Popular - JSONC" id="52ee063d-2bc3-485a-813b-a39bc3164ad5"><con:settings/><con:config service="YouTube" resourcePath="/feeds/api/standardfeeds/most_popular" methodName="Method 1" xsi:type="con:RestRequestStep" xmlns:xsi="http://www.w3.org/2001/XMLSchema-instance"><con:restRequest name="Most Popular - JSONC" mediaType="application/xml" accept="" id="b4439d3e-9c37-4fa2-b673-4dc6a6c5bd79"><con:settings><con:setting id="com.eviware.soapui.impl.wsdl.WsdlRequest@request-headers">&lt;xml-fragment/></con:setting></con:settings><con:endpoint>http://gdata.youtube.com</con:endpoint><con:request/><con:assertion type="XPath Match" name="Match content of [accessControl]" id="953a73e6-bd1f-452b-9a98-29ea705c4406"><con:configuration><path>declare namespace ns1='http://gdata.youtube.com/feeds/api/standardfeeds/most_popular';
//ns1:Response[1]/ns1:data[1]/ns1:items[1]/ns1:e[1]/ns1:accessControl[1]</path><content><![CDATA[<accessControl xmlns="http://gdata.youtube.com/feeds/api/standardfeeds/most_popular">
  <autoPlay>allowed</autoPlay>
  <comment>allowed</comment>
  <commentVote>allowed</commentVote>
  <embed>allowed</embed>
  <list>allowed</list>
  <rate>allowed</rate>
  <syndicate>allowed</syndicate>
  <videoRespond>moderated</videoRespond>
</accessControl>]]></content><allowWildcards>false</allowWildcards><ignoreNamspaceDifferences>false</ignoreNamspaceDifferences><ignoreComments>false</ignoreComments></con:configuration></con:assertion><con:credentials><con:authType>Global HTTP Settings</con:authType></con:credentials><con:jmsConfig JMSDeliveryMode="PERSISTENT"/><con:jmsPropertyConfig/><con:parameters><entry key="alt" value="jsonc" xmlns="http://eviware.com/soapui/config"/></con:parameters></con:restRequest></con:config></con:testStep><con:testStep type="restrequest" name="Most Viewed - JSON in Script" id="9299a1d9-71fb-4b67-bf67-361eb3096bdd"><con:settings/><con:config service="YouTube" resourcePath="/feeds/api/standardfeeds/most_viewed" methodName="Method 1" xsi:type="con:RestRequestStep" xmlns:xsi="http://www.w3.org/2001/XMLSchema-instance"><con:restRequest name="Most Viewed - JSON in Script" mediaType="application/xml" accept="" id="ec5aab06-25ae-4bde-a425-741c6bb344e4"><con:settings><con:setting id="com.eviware.soapui.impl.wsdl.WsdlRequest@request-headers">&lt;xml-fragment/></con:setting></con:settings><con:endpoint>http://gdata.youtube.com</con:endpoint><con:request/><con:assertion type="Simple Contains" name="Contains" id="7e58889f-9988-4cba-bd9c-e17d2d1b2e04"><con:configuration><token>gdata\.io\.handleScriptLoaded(.*);</token><ignoreCase>false</ignoreCase><useRegEx>true</useRegEx></con:configuration></con:assertion><con:credentials><con:authType>Global HTTP Settings</con:authType></con:credentials><con:jmsConfig JMSDeliveryMode="PERSISTENT"/><con:jmsPropertyConfig/><con:parameters><entry key="alt" value="json-in-script" xmlns="http://eviware.com/soapui/config"/></con:parameters></con:restRequest></con:config></con:testStep><con:properties/><con:reportParameters/></con:testCase><con:properties/><con:reportParameters/></con:testSuite><con:requirements/><con:properties/><con:wssContainer/><con:databaseConnectionContainer/><con:oAuth2ProfileContainer/><con:oAuth1ProfileContainer/><con:reporting><con:xmlTemplates/><con:parameters/></con:reporting><con:sensitiveInformation/></con:soapui-project>